epoch,train_loss,val_loss
1,0.6106693445366215,0.5310805862462973
2,0.47113714168186893,0.49739248899719385
3,0.39420289381153206,0.49989969670018064
4,0.32441140795973217,0.5101710403267341
5,0.258381887587761,0.5963528439213958
