epoch,train_loss,val_loss
1,0.600101491775025,0.5228642628917212
2,0.454543580555103,0.48385153937188885
3,0.3680636930935593,0.5053598220589794
4,0.2913179917218672,0.5054791452763956
5,0.21767173367764123,0.583462685723848
