epoch,train_loss,val_loss
1,0.5604840817607262,0.4826918259451661
2,0.4099606354403394,0.5063034254538862
3,0.3421796531289477,0.5467345125124424
4,0.2972560768896735,0.5354829509801502
5,0.26290316972352396,0.5856531805629972
