epoch,train_loss,val_loss
1,0.6037792327221144,0.5374610329730601
2,0.4733526560012251,0.511621215298206
3,0.38970171338455245,0.5050532531134689
4,0.3210914704250172,0.5446584969758987
5,0.2531548350340348,0.5704325039552737
