epoch,train_loss,val_loss
1,0.6931657069786028,0.6930546436128737
2,0.6931319630450823,0.6930115660534629
3,0.6931082381951538,0.692981022822706
4,0.6930736985734918,0.692988408517234
5,0.6930320168083365,0.6928940815261647
