epoch,train_loss,val_loss
1,0.598281638358127,0.5231009944330288
2,0.4646496418651871,0.49107144376899625
3,0.3840198907577856,0.4900795168514493
4,0.3127456066748974,0.5486413670491569
5,0.24476347469449553,0.6127634410616718
