epoch,train_loss,val_loss
1,0.6380191088484769,0.5931338690504243
2,0.5386271489022131,0.5572140533712846
3,0.4696596907663413,0.5774877648564833
4,0.39917025016620755,0.6021465217765374
5,0.33273356266065757,0.6751265257974214
