epoch,train_loss,val_loss
1,0.5581586450253698,0.4661391581161113
2,0.3985968295230784,0.3959875125673753
3,0.3177160527133806,0.39316391586502897
4,0.25811429611216724,0.4122365858358673
5,0.20396492398470978,0.45057313842109487
