epoch,train_loss,val_loss
1,0.669702921570702,0.6152838257294667
2,0.5770778523927386,0.5454784876938108
3,0.4969974830323322,0.5149065667315375
4,0.43768900590525434,0.5202409240263927
5,0.39076980091208086,0.5327898531774932
