epoch,train_loss,val_loss
1,0.6367345794358037,0.5499909848352021
2,0.5014782628383149,0.5084558144400392
3,0.43293309925039386,0.48652688574187364
4,0.379990661283955,0.4919381518907185
5,0.3369799144671891,0.4861261278768129
